Show me what last years revenue looks like	Revenue_Query
What does next months profit projections looking like	Profit_Query
Show me a round up of last week	Summery_Query
What was last years revenue sum	Revenue_Query
How are we looking for revenue this year	Revenue_Query
Show me what last years revenue looks like	Revenue_Query
What does next months profit projections looking like	Profit_Query
Show me a round up of last week	Summery_Query
What was last years revenue sum	Revenue_Query
How are we looking for revenue this year	Revenue_Query
Show me what last years revenue looks like	Revenue_Query
What does next months profit projections looking like	Profit_Query
Show me a round up of last week	Summery_Query
What was last years revenue sum	Revenue_Query
How are we looking for revenue this year	Revenue_Query
Show me what last years revenue looks like	Revenue_Query
What does next months profit projections looking like	Profit_Query
Show me a round up of last week	Summery_Query
What was last years revenue sum	Revenue_Query
How are we looking for revenue this year	Revenue_Query
Show me what last years revenue looks like	Revenue_Query
What does next months profit projections looking like	Profit_Query
Show me a round up of last week	Summery_Query
What was last years revenue sum	Revenue_Query
How are we looking for revenue this year	Revenue_Query
Show me what last years revenue looks like	Revenue_Query
What does next months profit projections looking like	Profit_Query
Show me a round up of last week	Summery_Query
What was last years revenue sum	Revenue_Query
How are we looking for revenue this year	Revenue_Query
Show me what last years revenue looks like	Revenue_Query
What does next months profit projections looking like	Profit_Query
Show me a round up of last week	Summery_Query
What was last years revenue sum	Revenue_Query
How are we looking for revenue this year	Revenue_Query
Show me what last years revenue looks like	Revenue_Query
What does next months profit projections looking like	Profit_Query
Show me a round up of last week	Summery_Query
What was last years revenue sum	Revenue_Query
How are we looking for revenue this year	Revenue_Query
Show me what last years revenue looks like	Revenue_Query
What does next months profit projections looking like	Profit_Query
Show me a round up of last week	Summery_Query
What was last years revenue sum	Revenue_Query
How are we looking for revenue this year	Revenue_Query
Show me what last years revenue looks like	Revenue_Query
What does next months profit projections looking like	Profit_Query
Show me a round up of last week	Summery_Query
What was last years revenue sum	Revenue_Query
How are we looking for revenue this year	Revenue_Query
Show me what last years revenue looks like	Revenue_Query
What does next months profit projections looking like	Profit_Query
Show me a round up of last week	Summery_Query
What was last years revenue sum	Revenue_Query
How are we looking for revenue this year	Revenue_Query
Show me what last years revenue looks like	Revenue_Query
What does next months profit projections looking like	Profit_Query
Show me a round up of last week	Summery_Query
What was last years revenue sum	Revenue_Query
How are we looking for revenue this year	Revenue_Query
Show me what last years revenue looks like	Revenue_Query
What does next months profit projections looking like	Profit_Query
Show me a round up of last week	Summery_Query
What was last years revenue sum	Revenue_Query
How are we looking for revenue this year	Revenue_Query
Show me what last years revenue looks like	Revenue_Query
What does next months profit projections looking like	Profit_Query
Show me a round up of last week	Summery_Query
What was last years revenue sum	Revenue_Query
How are we looking for revenue this year	Revenue_Query
Show me what last years revenue looks like	Revenue_Query
What does next months profit projections looking like	Profit_Query
Show me a round up of last week	Summery_Query
What was last years revenue sum	Revenue_Query
How are we looking for revenue this year	Revenue_Query
Show me what last years revenue looks like	Revenue_Query
What does next months profit projections looking like	Profit_Query
Show me a round up of last week	Summery_Query
What was last years revenue sum	Revenue_Query
How are we looking for revenue this year	Revenue_Query
Show me what last years revenue looks like	Revenue_Query
What does next months profit projections looking like	Profit_Query
Show me a round up of last week	Summery_Query
What was last years revenue sum	Revenue_Query
How are we looking for revenue this year	Revenue_Query
Show me what last years revenue looks like	Revenue_Query
What does next months profit projections looking like	Profit_Query
Show me a round up of last week	Summery_Query
What was last years revenue sum	Revenue_Query
How are we looking for revenue this year	Revenue_Query
Show me what last years revenue looks like	Revenue_Query
What does next months profit projections looking like	Profit_Query
Show me a round up of last week	Summery_Query
What was last years revenue sum	Revenue_Query
How are we looking for revenue this year	Revenue_Query
Show me what last years revenue looks like	Revenue_Query
What does next months profit projections looking like	Profit_Query
Show me a round up of last week	Summery_Query
What was last years revenue sum	Revenue_Query
How are we looking for revenue this year	Revenue_Query
Show me what last years revenue looks like	Revenue_Query
What does next months profit projections looking like	Profit_Query
Show me a round up of last week	Summery_Query
What was last years revenue sum	Revenue_Query
How are we looking for revenue this year	Revenue_Query
Show me what last years revenue looks like	Revenue_Query
What does next months profit projections looking like	Profit_Query
Show me a round up of last week	Summery_Query
What was last years revenue sum	Revenue_Query
How are we looking for revenue this year	Revenue_Query
Show me what last years revenue looks like	Revenue_Query
What does next months profit projections looking like	Profit_Query
Show me a round up of last week	Summery_Query
What was last years revenue sum	Revenue_Query
How are we looking for revenue this year	Revenue_Query
Show me what last years revenue looks like	Revenue_Query
What does next months profit projections looking like	Profit_Query
Show me a round up of last week	Summery_Query
What was last years revenue sum	Revenue_Query
How are we looking for revenue this year	Revenue_Query
Show me what last years revenue looks like	Revenue_Query
What does next months profit projections looking like	Profit_Query
Show me a round up of last week	Summery_Query
What was last years revenue sum	Revenue_Query
How are we looking for revenue this year	Revenue_Query
Show me what last years revenue looks like	Revenue_Query
What does next months profit projections looking like	Profit_Query
Show me a round up of last week	Summery_Query
What was last years revenue sum	Revenue_Query
How are we looking for revenue this year	Revenue_Query
Show me what last years revenue looks like	Revenue_Query
What does next months profit projections looking like	Profit_Query
Show me a round up of last week	Summery_Query
What was last years revenue sum	Revenue_Query
How are we looking for revenue this year	Revenue_Query
Show me what last years revenue looks like	Revenue_Query
What does next months profit projections looking like	Profit_Query
Show me a round up of last week	Summery_Query
What was last years revenue sum	Revenue_Query
How are we looking for revenue this year	Revenue_Query
Show me what last years revenue looks like	Revenue_Query
What does next months profit projections looking like	Profit_Query
Show me a round up of last week	Summery_Query
What was last years revenue sum	Revenue_Query
How are we looking for revenue this year	Revenue_Query
Show me what last years revenue looks like	Revenue_Query
What does next months profit projections looking like	Profit_Query
Show me a round up of last week	Summery_Query
What was last years revenue sum	Revenue_Query
How are we looking for revenue this year	Revenue_Query
Show me what last years revenue looks like	Revenue_Query
What does next months profit projections looking like	Profit_Query
Show me a round up of last week	Summery_Query
What was last years revenue sum	Revenue_Query
How are we looking for revenue this year	Revenue_Query
Show me what last years revenue looks like	Revenue_Query
What does next months profit projections looking like	Profit_Query
Show me a round up of last week	Summery_Query
What was last years revenue sum	Revenue_Query
How are we looking for revenue this year	Revenue_Query
Show me what last years revenue looks like	Revenue_Query
What does next months profit projections looking like	Profit_Query
Show me a round up of last week	Summery_Query
What was last years revenue sum	Revenue_Query
How are we looking for revenue this year	Revenue_Query
Show me what last years revenue looks like	Revenue_Query
What does next months profit projections looking like	Profit_Query
Show me a round up of last week	Summery_Query
What was last years revenue sum	Revenue_Query
How are we looking for revenue this year	Revenue_Query
Show me what last years revenue looks like	Revenue_Query
What does next months profit projections looking like	Profit_Query
Show me a round up of last week	Summery_Query
What was last years revenue sum	Revenue_Query
How are we looking for revenue this year	Revenue_Query
Show me what last years revenue looks like	Revenue_Query
What does next months profit projections looking like	Profit_Query
Show me a round up of last week	Summery_Query
What was last years revenue sum	Revenue_Query
How are we looking for revenue this year	Revenue_Query
Show me what last years revenue looks like	Revenue_Query
What does next months profit projections looking like	Profit_Query
Show me a round up of last week	Summery_Query
What was last years revenue sum	Revenue_Query
How are we looking for revenue this year	Revenue_Query
Show me what last years revenue looks like	Revenue_Query
What does next months profit projections looking like	Profit_Query
Show me a round up of last week	Summery_Query
What was last years revenue sum	Revenue_Query
How are we looking for revenue this year	Revenue_Query
Show me what last years revenue looks like	Revenue_Query
What does next months profit projections looking like	Profit_Query
Show me a round up of last week	Summery_Query
What was last years revenue sum	Revenue_Query
How are we looking for revenue this year	Revenue_Query
Show me what last years revenue looks like	Revenue_Query
What does next months profit projections looking like	Profit_Query
Show me a round up of last week	Summery_Query
What was last years revenue sum	Revenue_Query
How are we looking for revenue this year	Revenue_Query
Show me what last years revenue looks like	Revenue_Query
What does next months profit projections looking like	Profit_Query
Show me a round up of last week	Summery_Query
What was last years revenue sum	Revenue_Query
How are we looking for revenue this year	Revenue_Query
Show me what last years revenue looks like	Revenue_Query
What does next months profit projections looking like	Profit_Query
Show me a round up of last week	Summery_Query
What was last years revenue sum	Revenue_Query
How are we looking for revenue this year	Revenue_Query
Show me what last years revenue looks like	Revenue_Query
What does next months profit projections looking like	Profit_Query
Show me a round up of last week	Summery_Query
What was last years revenue sum	Revenue_Query
How are we looking for revenue this year	Revenue_Query
Show me what last years revenue looks like	Revenue_Query
What does next months profit projections looking like	Profit_Query
Show me a round up of last week	Summery_Query
What was last years revenue sum	Revenue_Query
How are we looking for revenue this year	Revenue_Query
Show me what last years revenue looks like	Revenue_Query
What does next months profit projections looking like	Profit_Query
Show me a round up of last week	Summery_Query
What was last years revenue sum	Revenue_Query
How are we looking for revenue this year	Revenue_Query
Show me what last years revenue looks like	Revenue_Query
What does next months profit projections looking like	Profit_Query
Show me a round up of last week	Summery_Query
What was last years revenue sum	Revenue_Query
How are we looking for revenue this year	Revenue_Query
Show me what last years revenue looks like	Revenue_Query
What does next months profit projections looking like	Profit_Query
Show me a round up of last week	Summery_Query
What was last years revenue sum	Revenue_Query
How are we looking for revenue this year	Revenue_Query
Show me what last years revenue looks like	Revenue_Query
What does next months profit projections looking like	Profit_Query
Show me a round up of last week	Summery_Query
What was last years revenue sum	Revenue_Query
How are we looking for revenue this year	Revenue_Query
Show me what last years revenue looks like	Revenue_Query
What does next months profit projections looking like	Profit_Query
Show me a round up of last week	Summery_Query
What was last years revenue sum	Revenue_Query
How are we looking for revenue this year	Revenue_Query
Show me what last years revenue looks like	Revenue_Query
What does next months profit projections looking like	Profit_Query
Show me a round up of last week	Summery_Query
What was last years revenue sum	Revenue_Query
How are we looking for revenue this year	Revenue_Query
Show me what last years revenue looks like	Revenue_Query
What does next months profit projections looking like	Profit_Query
Show me a round up of last week	Summery_Query
What was last years revenue sum	Revenue_Query
How are we looking for revenue this year	Revenue_Query
Show me what last years revenue looks like	Revenue_Query
What does next months profit projections looking like	Profit_Query
Show me a round up of last week	Summery_Query
What was last years revenue sum	Revenue_Query
How are we looking for revenue this year	Revenue_Query
Show me what last years revenue looks like	Revenue_Query
What does next months profit projections looking like	Profit_Query
Show me a round up of last week	Summery_Query
What was last years revenue sum	Revenue_Query
How are we looking for revenue this year	Revenue_Query
Show me what last years revenue looks like	Revenue_Query
What does next months profit projections looking like	Profit_Query
Show me a round up of last week	Summery_Query
What was last years revenue sum	Revenue_Query
How are we looking for revenue this year	Revenue_Query
Show me what last years revenue looks like	Revenue_Query
What does next months profit projections looking like	Profit_Query
Show me a round up of last week	Summery_Query
What was last years revenue sum	Revenue_Query
How are we looking for revenue this year	Revenue_Query
Show me what last years revenue looks like	Revenue_Query
What does next months profit projections looking like	Profit_Query
Show me a round up of last week	Summery_Query
What was last years revenue sum	Revenue_Query
How are we looking for revenue this year	Revenue_Query
Show me what last years revenue looks like	Revenue_Query
What does next months profit projections looking like	Profit_Query
Show me a round up of last week	Summery_Query
What was last years revenue sum	Revenue_Query
How are we looking for revenue this year	Revenue_Query
Show me what last years revenue looks like	Revenue_Query
What does next months profit projections looking like	Profit_Query
Show me a round up of last week	Summery_Query
What was last years revenue sum	Revenue_Query
How are we looking for revenue this year	Revenue_Query
Show me what last years revenue looks like	Revenue_Query
What does next months profit projections looking like	Profit_Query
Show me a round up of last week	Summery_Query
What was last years revenue sum	Revenue_Query
How are we looking for revenue this year	Revenue_Query
Show me what last years revenue looks like	Revenue_Query
What does next months profit projections looking like	Profit_Query
Show me a round up of last week	Summery_Query
What was last years revenue sum	Revenue_Query
How are we looking for revenue this year	Revenue_Query
Show me what last years revenue looks like	Revenue_Query
What does next months profit projections looking like	Profit_Query
Show me a round up of last week	Summery_Query
What was last years revenue sum	Revenue_Query
How are we looking for revenue this year	Revenue_Query
Show me what last years revenue looks like	Revenue_Query
What does next months profit projections looking like	Profit_Query
Show me a round up of last week	Summery_Query
What was last years revenue sum	Revenue_Query
How are we looking for revenue this year	Revenue_Query
Show me what last years revenue looks like	Revenue_Query
What does next months profit projections looking like	Profit_Query
Show me a round up of last week	Summery_Query
What was last years revenue sum	Revenue_Query
How are we looking for revenue this year	Revenue_Query
Show me what last years revenue looks like	Revenue_Query
What does next months profit projections looking like	Profit_Query
Show me a round up of last week	Summery_Query
What was last years revenue sum	Revenue_Query
How are we looking for revenue this year	Revenue_Query
Show me what last years revenue looks like	Revenue_Query
What does next months profit projections looking like	Profit_Query
Show me a round up of last week	Summery_Query
What was last years revenue sum	Revenue_Query
How are we looking for revenue this year	Revenue_Query
Show me what last years revenue looks like	Revenue_Query
What does next months profit projections looking like	Profit_Query
Show me a round up of last week	Summery_Query
What was last years revenue sum	Revenue_Query
How are we looking for revenue this year	Revenue_Query
Show me what last years revenue looks like	Revenue_Query
What does next months profit projections looking like	Profit_Query
Show me a round up of last week	Summery_Query
What was last years revenue sum	Revenue_Query
How are we looking for revenue this year	Revenue_Query
Show me what last years revenue looks like	Revenue_Query
What does next months profit projections looking like	Profit_Query
Show me a round up of last week	Summery_Query
What was last years revenue sum	Revenue_Query
How are we looking for revenue this year	Revenue_Query
Show me what last years revenue looks like	Revenue_Query
What does next months profit projections looking like	Profit_Query
Show me a round up of last week	Summery_Query
What was last years revenue sum	Revenue_Query
How are we looking for revenue this year	Revenue_Query
Show me what last years revenue looks like	Revenue_Query
What does next months profit projections looking like	Profit_Query
Show me a round up of last week	Summery_Query
What was last years revenue sum	Revenue_Query
How are we looking for revenue this year	Revenue_Query
Show me what last years revenue looks like	Revenue_Query
What does next months profit projections looking like	Profit_Query
Show me a round up of last week	Summery_Query
What was last years revenue sum	Revenue_Query
How are we looking for revenue this year	Revenue_Query
Show me what last years revenue looks like	Revenue_Query
What does next months profit projections looking like	Profit_Query
Show me a round up of last week	Summery_Query
What was last years revenue sum	Revenue_Query
How are we looking for revenue this year	Revenue_Query
